condition,task,task_length,DP,ACT,SmolVLA,X-VLA,Pi0.5,GR00T,FastWAM,unit
ID,CM000,short,0,0,0,0,0,0,0,percent_0_to_100
ID,CM001,short,40,8,98,100,82,60,6,percent_0_to_100
ID,CM002,short,12,34,0,2,0,0,0,percent_0_to_100
ID,CM003,short,50,100,0,94,20,100,6,percent_0_to_100
ID,CM004,short,0,74,0,0,0,0,0,percent_0_to_100
ID,CM005,long,0,0,0,0,0,0,0,percent_0_to_100
ID,CM006,short,0,0,0,0,2,0,0,percent_0_to_100
ID,CM007,long,0,0,0,0,0,0,0,percent_0_to_100
ID,CM008,long,0,62,0,0,0,50,0,percent_0_to_100
ID,CM009,long,0,4,0,0,0,0,0,percent_0_to_100
ID,FC000,short,0,2,0,0,0,0,0,percent_0_to_100
ID,FC001,short,0,4,0,0,0,0,0,percent_0_to_100
ID,FC002,short,0,4,0,0,0,0,0,percent_0_to_100
ID,FC003,short,0,64,0,24,0,0,0,percent_0_to_100
ID,FC004,long,0,14,0,0,0,0,0,percent_0_to_100
ID,FC005,short,0,4,0,0,0,10,0,percent_0_to_100
ID,FC006,long,0,50,40,32,4,34,0,percent_0_to_100
ID,FC007,short,0,0,0,0,0,0,0,percent_0_to_100
ID,FC008,long,0,0,0,0,0,0,0,percent_0_to_100
ID,FC009,short,0,100,0,20,0,0,0,percent_0_to_100
ID,HRI000,short,0,18,0,0,0,0,0,percent_0_to_100
ID,HRI001,short,0,2,0,2,0,0,0,percent_0_to_100
ID,HRI002,short,0,0,6,4,10,0,0,percent_0_to_100
ID,HRI003,long,0,0,0,0,0,0,0,percent_0_to_100
ID,HRI004,long,58,24,28,46,22,0,16,percent_0_to_100
ID,HRI005,long,0,0,0,2,0,0,2,percent_0_to_100
ID,HRI006,short,0,4,24,6,0,4,0,percent_0_to_100
ID,HRI007,long,12,74,16,44,16,18,10,percent_0_to_100
ID,HRI008,short,0,0,0,0,0,0,0,percent_0_to_100
ID,HRI009,long,12,40,36,52,2,36,0,percent_0_to_100
ID,HT000,long,0,0,0,0,0,0,0,percent_0_to_100
ID,HT001,short,0,84,26,72,34,98,6,percent_0_to_100
ID,HT002,short,0,96,0,16,0,46,0,percent_0_to_100
ID,HT003,short,0,0,4,0,2,2,0,percent_0_to_100
ID,HT004,short,0,4,0,2,0,2,0,percent_0_to_100
ID,HT005,long,0,0,0,0,0,0,0,percent_0_to_100
ID,HT006,long,0,0,0,0,0,0,0,percent_0_to_100
ID,HT007,short,0,8,0,0,0,0,0,percent_0_to_100
ID,HT008,long,0,0,0,0,0,0,0,percent_0_to_100
ID,HT009,long,0,10,0,6,0,2,0,percent_0_to_100
Object-OOD,CM000,short,0,0,0,0,0,0,0,percent_0_to_100
Object-OOD,CM001,short,0,0,0,50,0,46,0,percent_0_to_100
Object-OOD,CM002,short,0,0,0,0,0,0,0,percent_0_to_100
Object-OOD,CM003,short,38,94,0,52,0,24,0,percent_0_to_100
Object-OOD,CM004,short,0,48,0,30,0,0,0,percent_0_to_100
Object-OOD,CM005,long,0,0,0,0,0,0,0,percent_0_to_100
Object-OOD,CM006,short,0,0,0,0,0,0,0,percent_0_to_100
Object-OOD,CM007,long,0,0,0,0,0,0,0,percent_0_to_100
Object-OOD,CM008,long,0,2,0,0,0,0,0,percent_0_to_100
Object-OOD,CM009,long,0,0,0,0,0,0,0,percent_0_to_100
Object-OOD,FC000,short,0,2,0,8,0,36,2,percent_0_to_100
Object-OOD,FC001,short,0,18,0,2,0,8,2,percent_0_to_100
Object-OOD,FC002,short,0,0,0,0,0,0,0,percent_0_to_100
Object-OOD,FC003,short,0,50,0,50,0,22,6,percent_0_to_100
Object-OOD,FC004,long,0,68,0,52,0,0,6,percent_0_to_100
Object-OOD,FC005,short,0,4,0,20,0,28,2,percent_0_to_100
Object-OOD,FC006,long,0,0,0,0,0,60,2,percent_0_to_100
Object-OOD,FC007,short,0,0,0,8,0,18,2,percent_0_to_100
Object-OOD,FC008,long,0,0,0,0,0,0,0,percent_0_to_100
Object-OOD,FC009,short,0,94,0,0,0,8,6,percent_0_to_100
Object-OOD,HRI000,short,0,34,0,2,0,4,2,percent_0_to_100
Object-OOD,HRI001,short,0,0,0,2,0,0,0,percent_0_to_100
Object-OOD,HRI002,short,0,0,2,50,22,0,4,percent_0_to_100
Object-OOD,HRI003,long,0,0,0,0,0,0,0,percent_0_to_100
Object-OOD,HRI004,long,30,26,18,14,22,0,6,percent_0_to_100
Object-OOD,HRI005,long,0,0,8,2,0,0,0,percent_0_to_100
Object-OOD,HRI006,short,0,68,8,56,2,38,8,percent_0_to_100
Object-OOD,HRI007,long,16,52,12,34,8,18,8,percent_0_to_100
Object-OOD,HRI008,short,0,0,0,0,0,0,0,percent_0_to_100
Object-OOD,HRI009,long,0,34,4,52,0,26,6,percent_0_to_100
Object-OOD,HT000,long,0,0,0,0,0,0,0,percent_0_to_100
Object-OOD,HT001,short,0,0,0,18,2,0,0,percent_0_to_100
Object-OOD,HT002,short,0,0,0,8,0,0,0,percent_0_to_100
Object-OOD,HT003,short,0,0,0,4,0,64,0,percent_0_to_100
Object-OOD,HT004,short,2,2,0,2,0,0,0,percent_0_to_100
Object-OOD,HT005,long,0,0,0,0,0,0,0,percent_0_to_100
Object-OOD,HT006,long,0,0,0,12,0,0,0,percent_0_to_100
Object-OOD,HT007,short,0,0,0,0,0,0,0,percent_0_to_100
Object-OOD,HT008,long,0,0,0,0,0,0,0,percent_0_to_100
Object-OOD,HT009,long,0,0,0,0,0,0,0,percent_0_to_100
Background-OOD,CM000,short,0,0,0,0,0,0,0,percent_0_to_100
Background-OOD,CM001,short,34,0,96,100,12,2,0,percent_0_to_100
Background-OOD,CM002,short,12,0,0,4,6,0,0,percent_0_to_100
Background-OOD,CM003,short,0,100,0,76,18,92,0,percent_0_to_100
Background-OOD,CM004,short,0,0,0,0,0,0,0,percent_0_to_100
Background-OOD,CM005,long,0,0,0,0,0,0,0,percent_0_to_100
Background-OOD,CM006,short,0,6,0,0,0,2,0,percent_0_to_100
Background-OOD,CM007,long,0,0,0,0,0,0,0,percent_0_to_100
Background-OOD,CM008,long,0,72,0,0,0,58,0,percent_0_to_100
Background-OOD,CM009,long,0,0,0,0,0,0,0,percent_0_to_100
Background-OOD,FC000,short,0,100,0,62,0,8,0,percent_0_to_100
Background-OOD,FC001,short,0,0,0,90,0,18,0,percent_0_to_100
Background-OOD,FC002,short,0,0,0,0,0,0,0,percent_0_to_100
Background-OOD,FC003,short,0,0,0,52,0,0,0,percent_0_to_100
Background-OOD,FC004,long,0,0,0,0,0,2,0,percent_0_to_100
Background-OOD,FC005,short,0,0,0,8,0,22,0,percent_0_to_100
Background-OOD,FC006,long,0,0,16,4,0,44,0,percent_0_to_100
Background-OOD,FC007,short,0,0,0,4,0,0,0,percent_0_to_100
Background-OOD,FC008,long,0,0,0,0,0,0,0,percent_0_to_100
Background-OOD,FC009,short,0,0,0,22,2,0,0,percent_0_to_100
Background-OOD,HRI000,short,0,0,0,0,2,8,0,percent_0_to_100
Background-OOD,HRI001,short,0,0,0,16,0,0,0,percent_0_to_100
Background-OOD,HRI002,short,0,0,2,6,8,2,0,percent_0_to_100
Background-OOD,HRI003,long,0,0,0,0,0,0,0,percent_0_to_100
Background-OOD,HRI004,long,36,12,16,14,20,0,0,percent_0_to_100
Background-OOD,HRI005,long,0,0,0,4,2,0,0,percent_0_to_100
Background-OOD,HRI006,short,0,0,12,46,0,4,0,percent_0_to_100
Background-OOD,HRI007,long,2,10,10,0,8,28,0,percent_0_to_100
Background-OOD,HRI008,short,0,0,0,0,0,0,0,percent_0_to_100
Background-OOD,HRI009,long,14,0,0,8,0,26,0,percent_0_to_100
Background-OOD,HT000,long,0,0,0,0,0,0,0,percent_0_to_100
Background-OOD,HT001,short,34,16,70,76,38,80,2,percent_0_to_100
Background-OOD,HT002,short,36,12,12,36,12,94,0,percent_0_to_100
Background-OOD,HT003,short,0,0,0,0,6,2,0,percent_0_to_100
Background-OOD,HT004,short,0,0,0,2,0,2,0,percent_0_to_100
Background-OOD,HT005,long,0,0,0,0,0,0,0,percent_0_to_100
Background-OOD,HT006,long,0,0,0,0,0,0,0,percent_0_to_100
Background-OOD,HT007,short,0,0,0,0,0,0,0,percent_0_to_100
Background-OOD,HT008,long,0,0,0,0,0,0,0,percent_0_to_100
Background-OOD,HT009,long,0,0,2,2,0,2,0,percent_0_to_100
Lighting-OOD,CM000,short,0,0,0,0,0,0,0,percent_0_to_100
Lighting-OOD,CM001,short,12,0,76,100,44,40,2,percent_0_to_100
Lighting-OOD,CM002,short,34,6,0,12,0,0,0,percent_0_to_100
Lighting-OOD,CM003,short,6,98,0,74,12,36,0,percent_0_to_100
Lighting-OOD,CM004,short,0,18,0,0,0,0,0,percent_0_to_100
Lighting-OOD,CM005,long,0,0,0,0,0,0,0,percent_0_to_100
Lighting-OOD,CM006,short,0,0,0,0,0,0,0,percent_0_to_100
Lighting-OOD,CM007,long,0,0,0,0,0,0,0,percent_0_to_100
Lighting-OOD,CM008,long,0,58,0,22,0,28,0,percent_0_to_100
Lighting-OOD,CM009,long,0,0,0,0,0,0,0,percent_0_to_100
Lighting-OOD,FC000,short,0,54,0,0,0,68,0,percent_0_to_100
Lighting-OOD,FC001,short,0,0,0,82,0,98,0,percent_0_to_100
Lighting-OOD,FC002,short,0,0,0,0,0,0,0,percent_0_to_100
Lighting-OOD,FC003,short,0,0,0,0,0,4,0,percent_0_to_100
Lighting-OOD,FC004,long,0,0,0,58,0,0,0,percent_0_to_100
Lighting-OOD,FC005,short,0,0,0,12,0,72,0,percent_0_to_100
Lighting-OOD,FC006,long,0,0,8,0,0,42,0,percent_0_to_100
Lighting-OOD,FC007,short,0,0,0,80,0,4,0,percent_0_to_100
Lighting-OOD,FC008,long,0,0,0,0,0,0,0,percent_0_to_100
Lighting-OOD,FC009,short,0,0,0,0,0,0,0,percent_0_to_100
Lighting-OOD,HRI000,short,0,2,0,0,0,0,0,percent_0_to_100
Lighting-OOD,HRI001,short,0,36,0,10,0,0,0,percent_0_to_100
Lighting-OOD,HRI002,short,0,14,0,36,0,0,0,percent_0_to_100
Lighting-OOD,HRI003,long,0,0,0,0,0,0,0,percent_0_to_100
Lighting-OOD,HRI004,long,6,28,26,30,22,0,36,percent_0_to_100
Lighting-OOD,HRI005,long,0,0,4,4,2,0,0,percent_0_to_100
Lighting-OOD,HRI006,short,0,0,10,8,0,4,0,percent_0_to_100
Lighting-OOD,HRI007,long,0,24,24,40,14,10,4,percent_0_to_100
Lighting-OOD,HRI008,short,0,0,0,0,0,0,0,percent_0_to_100
Lighting-OOD,HRI009,long,6,14,18,28,0,26,0,percent_0_to_100
Lighting-OOD,HT000,long,0,0,0,0,0,0,0,percent_0_to_100
Lighting-OOD,HT001,short,0,42,44,76,8,78,0,percent_0_to_100
Lighting-OOD,HT002,short,0,32,0,28,6,78,0,percent_0_to_100
Lighting-OOD,HT003,short,0,0,2,0,0,4,0,percent_0_to_100
Lighting-OOD,HT004,short,0,0,0,4,0,0,0,percent_0_to_100
Lighting-OOD,HT005,long,0,0,0,0,0,0,0,percent_0_to_100
Lighting-OOD,HT006,long,0,0,0,0,0,0,0,percent_0_to_100
Lighting-OOD,HT007,short,0,0,0,0,0,0,0,percent_0_to_100
Lighting-OOD,HT008,long,0,0,0,0,0,0,0,percent_0_to_100
Lighting-OOD,HT009,long,0,0,0,4,0,0,0,percent_0_to_100
Speed-OOD,CM000,short,0,0,0,0,0,0,0,percent_0_to_100
Speed-OOD,CM001,short,98,10,88,100,72,36,2,percent_0_to_100
Speed-OOD,CM002,short,0,8,2,0,0,0,0,percent_0_to_100
Speed-OOD,CM003,short,50,60,0,50,34,58,0,percent_0_to_100
Speed-OOD,CM004,short,42,0,8,12,4,0,0,percent_0_to_100
Speed-OOD,CM005,long,0,0,0,0,0,0,0,percent_0_to_100
Speed-OOD,CM006,short,50,20,0,2,0,18,2,percent_0_to_100
Speed-OOD,CM007,long,0,0,0,0,0,0,0,percent_0_to_100
Speed-OOD,CM008,long,34,48,0,42,26,36,0,percent_0_to_100
Speed-OOD,CM009,long,14,0,2,0,0,0,0,percent_0_to_100
Speed-OOD,FC000,short,0,0,0,0,0,0,0,percent_0_to_100
Speed-OOD,FC001,short,2,0,0,0,0,0,4,percent_0_to_100
Speed-OOD,FC002,short,0,0,0,0,0,0,0,percent_0_to_100
Speed-OOD,FC003,short,38,98,48,100,32,8,2,percent_0_to_100
Speed-OOD,FC004,long,78,30,80,100,18,80,0,percent_0_to_100
Speed-OOD,FC005,short,0,0,0,2,2,10,0,percent_0_to_100
Speed-OOD,FC006,long,0,14,0,22,4,18,0,percent_0_to_100
Speed-OOD,FC007,short,0,0,50,4,6,24,0,percent_0_to_100
Speed-OOD,FC008,long,0,0,0,0,0,0,0,percent_0_to_100
Speed-OOD,FC009,short,0,0,0,0,0,0,0,percent_0_to_100
Speed-OOD,HRI000,short,0,56,0,32,2,14,0,percent_0_to_100
Speed-OOD,HRI001,short,0,0,46,24,4,0,0,percent_0_to_100
Speed-OOD,HRI002,short,0,8,4,20,16,0,0,percent_0_to_100
Speed-OOD,HRI003,long,0,0,0,0,0,0,0,percent_0_to_100
Speed-OOD,HRI004,long,40,44,14,36,24,0,22,percent_0_to_100
Speed-OOD,HRI005,long,0,0,4,0,4,0,0,percent_0_to_100
Speed-OOD,HRI006,short,4,70,10,64,8,24,0,percent_0_to_100
Speed-OOD,HRI007,long,14,78,20,46,22,32,12,percent_0_to_100
Speed-OOD,HRI008,short,0,0,0,0,0,0,0,percent_0_to_100
Speed-OOD,HRI009,long,38,30,22,44,6,34,2,percent_0_to_100
Speed-OOD,HT000,long,0,0,0,0,0,0,0,percent_0_to_100
Speed-OOD,HT001,short,0,40,0,26,8,12,0,percent_0_to_100
Speed-OOD,HT002,short,0,38,0,4,0,0,0,percent_0_to_100
Speed-OOD,HT003,short,0,0,4,0,0,2,0,percent_0_to_100
Speed-OOD,HT004,short,4,10,26,32,4,0,0,percent_0_to_100
Speed-OOD,HT005,long,0,0,0,0,0,0,0,percent_0_to_100
Speed-OOD,HT006,long,0,18,0,0,0,0,0,percent_0_to_100
Speed-OOD,HT007,short,0,0,0,0,0,0,0,percent_0_to_100
Speed-OOD,HT008,long,0,0,0,0,0,0,0,percent_0_to_100
Speed-OOD,HT009,long,0,0,0,0,0,0,0,percent_0_to_100
Joint-OOD,CM000,short,0,0,0,0,0,0,0,percent_0_to_100
Joint-OOD,CM001,short,0,2,0,22,0,0,0,percent_0_to_100
Joint-OOD,CM002,short,0,2,0,0,2,0,0,percent_0_to_100
Joint-OOD,CM003,short,0,0,0,6,0,2,0,percent_0_to_100
Joint-OOD,CM004,short,0,0,0,0,0,0,0,percent_0_to_100
Joint-OOD,CM005,long,0,0,0,0,0,0,0,percent_0_to_100
Joint-OOD,CM006,short,0,0,0,0,0,6,0,percent_0_to_100
Joint-OOD,CM007,long,0,0,0,0,0,0,0,percent_0_to_100
Joint-OOD,CM008,long,0,0,0,0,0,0,0,percent_0_to_100
Joint-OOD,CM009,long,0,0,0,0,0,0,0,percent_0_to_100
Joint-OOD,FC000,short,0,0,0,0,0,0,0,percent_0_to_100
Joint-OOD,FC001,short,0,0,0,0,0,0,0,percent_0_to_100
Joint-OOD,FC002,short,0,0,0,0,0,0,0,percent_0_to_100
Joint-OOD,FC003,short,0,0,0,50,0,44,0,percent_0_to_100
Joint-OOD,FC004,long,0,0,0,16,0,20,0,percent_0_to_100
Joint-OOD,FC005,short,0,0,4,16,0,4,0,percent_0_to_100
Joint-OOD,FC006,long,0,0,0,0,0,4,0,percent_0_to_100
Joint-OOD,FC007,short,0,0,2,0,2,2,0,percent_0_to_100
Joint-OOD,FC008,long,0,0,0,0,0,0,0,percent_0_to_100
Joint-OOD,FC009,short,0,0,0,0,0,0,0,percent_0_to_100
Joint-OOD,HRI000,short,0,0,0,0,2,24,0,percent_0_to_100
Joint-OOD,HRI001,short,0,0,0,2,0,0,0,percent_0_to_100
Joint-OOD,HRI002,short,0,0,2,10,4,0,0,percent_0_to_100
Joint-OOD,HRI003,long,0,0,0,0,0,0,0,percent_0_to_100
Joint-OOD,HRI004,long,0,0,10,10,16,0,0,percent_0_to_100
Joint-OOD,HRI005,long,0,0,0,8,2,0,0,percent_0_to_100
Joint-OOD,HRI006,short,0,0,10,38,0,16,0,percent_0_to_100
Joint-OOD,HRI007,long,0,0,0,6,14,34,0,percent_0_to_100
Joint-OOD,HRI008,short,0,0,0,0,0,0,0,percent_0_to_100
Joint-OOD,HRI009,long,0,0,0,0,0,0,0,percent_0_to_100
Joint-OOD,HT000,long,0,0,0,0,0,0,0,percent_0_to_100
Joint-OOD,HT001,short,0,0,38,26,4,24,0,percent_0_to_100
Joint-OOD,HT002,short,0,0,4,22,14,30,0,percent_0_to_100
Joint-OOD,HT003,short,0,0,12,2,6,2,0,percent_0_to_100
Joint-OOD,HT004,short,0,0,0,0,0,0,0,percent_0_to_100
Joint-OOD,HT005,long,0,0,0,0,0,0,0,percent_0_to_100
Joint-OOD,HT006,long,0,0,0,0,0,0,0,percent_0_to_100
Joint-OOD,HT007,short,0,0,0,0,0,0,0,percent_0_to_100
Joint-OOD,HT008,long,0,0,0,0,0,0,0,percent_0_to_100
Joint-OOD,HT009,long,0,0,0,0,0,0,0,percent_0_to_100
